"doublingTime"	"proteinMassFraction"	"rnaMassFraction"	"dnaMassFraction"	"lipidMassFraction"	"lpsMassFraction"	"mureinMassFraction"	"glycogenMassFraction"	"solublePoolMassFraction"	"inorganicIonMassFraction"
100.0	0.67567567569999998	0.1351351351	0.051351351400000002	0.065536395299999994	0.023959542399999999	0.017617310600000002	0.017617310600000002	0.0060603547999999998	0.0070469241999999996
60.0	0.60465116279999997	0.15116279069999999	0.034883720899999998	0.099514909400000004	0.036381794799999999	0.026751319700000002	0.026751319700000002	0.0092024540000000005	0.010700527899999999
40.0	0.54041570439999997	0.17782909929999999	0.026096997699999999	0.1215552785	0.044439564199999997	0.032676150100000002	0.032676150100000002	0.0112405956	0.0130704601
30.0	0.53042121679999998	0.20592823709999999	0.022464898600000002	0.1146741575	0.041923885500000001	0.030826386399999999	0.030826386399999999	0.010604276899999999	0.0123305546
24.0	0.52023121390000004	0.24393063579999999	0.021156069400000001	0.10207276849999999	0.037316926100000002	0.027438916300000001	0.027438916300000001	0.0094389872000000003	0.010975566500000001
