"metaboliteId"	"massFraction"
"CO+2[c]"	0.00017105424371679113
"MN+2[c]"	0.004372047875434131
"CL-[c]"	0.021233412508864607
"FE+2[c]"	0.043147031956321226
"MG+2[c]"	0.02426015888685561
"NI+2[c]"	0.0021795289754764982
"K+[c]"	0.87807018089372435
"CA+2[c]"	0.024004602526028641
"ZN+2[c]"	0.0025619821335779967
