"metaboliteId"	"massFraction"
"K+[c]"	0.65920842089999998
"NH4[c]"	0.0203462209
"MG+2[c]"	0.018035150100000001
"CA+2[c]"	0.018029555700000002
"FE+2[c]"	0.037853445200000002
"FE3[c]"	0.037853445200000002 # TODO
"CU2[c]"	0.019112972999999998 # TODO
"MN+2[c]"	0.016523912000000002
"MOBD[c]"	0.048105764500000002 # TODO
"COBALT2[c]"	0.017725563600000001 # TODO
"ZN+2[c]"	0.019228199500000001
"CL-[c]"	0.0157765944
"SO4[c]"	0.036116168099999998 # TODO
"Pi[c]"	0.0360845869
