"metaboliteId"	"massFraction"
"PE160[c]"	0.0920103159
"PE160[p]"	0.2365979553
"PE161[c]"	0.071146590600000004
"PE161[p]"	0.18294837580000001
"PE181[c]"	0.0396601262
"PE181[p]"	0.1019831816
"PG160[c]"	0.044306459999999999
"PG160[p]"	0.037976965799999998
"PG161[c]"	0.0342681284
"PG161[p]"	0.029372681500000001
"PG181[c]"	0.019042310699999999
"PG181[p]"	0.016321980600000001
"CLPN160[p]"	0.042797936100000003
"CLPN161[p]"	0.033088720299999999
"CLPN181[p]"	0.0184782712
