"metaboliteId"	"massFraction"
"CPD-8260[c]"	0.18135815385307
"CPD-12819[c]"	0.7243199059671902
"CPD-12824[c]"	0.094321940179739716
