"metaboliteId"	"massFraction"
"CPD-8260[c]"	0.18135838170214827
"CPD-12819[c]"	0.72431959521733036
"CPD-12824[c]"	0.094322023080521428
